customer_id,name,email,cell,driver,type,student_id,faculty_id,staff_id,driver_id
101,Malvin Chrstine,darrault0@hc360.com,695-812-0001,N,Student,5758201,N/A,N/A,N/A
102,Dallon McLennan,mbassingden1@vimeo.com,855-943-4205,N,Student,5758202,N/A,N/A,N/A
103,Magdalene Andor,fshadfourth2@photobucket.com,948-823-9518,N,Student,5758203,N/A,N/A,N/A
104,Talya Levesque,jgarvey3@edublogs.org,676-855-6785,N,Student,5758204,N/A,N/A,N/A
105,Jeanna Skivington,mtween4@netvibes.com,274-428-2257,N,Student,5758205,N/A,N/A,N/A
106,Jerrilyn Nortunen,emacgiolla5@marketwatch.com,487-454-0076,N,Student,5758206,N/A,N/A,N/A
107,Scottie Grimmolby,agregolotti6@elegantthemes.com,648-609-0144,N,Student,5758207,N/A,N/A,N/A
108,Pandora Mithon,schaves7@deviantart.com,136-162-6116,N,Student,5758208,N/A,N/A,N/A
109,Avril Pattesall,bskegg8@webnode.com,364-772-5133,N,Student,5758209,N/A,N/A,N/A
110,Gideon Morffew,iriggs9@nhs.uk,719-211-2705,N,Student,5758210,N/A,N/A,N/A
111,Rosella Tipper,mtissella@opera.com,641-269-0972,N,Student,5758211,N/A,N/A,N/A
112,Garald Hamelyn,byushkovb@google.com.br,897-585-1726,N,Student,5758212,N/A,N/A,N/A
113,Willetta Preddle,gflottc@zimbio.com,617-210-8767,N,Student,5758213,N/A,N/A,N/A
114,Rafael Clemoes,sromanind@shutterfly.com,476-480-5068,N,Student,5758214,N/A,N/A,N/A
115,Benson Caldicott,obourtone@home.pl,230-586-3989,N,Student,5758215,N/A,N/A,N/A
116,Danila Mattielli,ddroganf@stumbleupon.com,326-457-0329,N,Student,5758216,N/A,N/A,N/A
117,Penn Ellerington,mslowang@vinaora.com,976-905-4311,N,Student,5758217,N/A,N/A,N/A
118,Von French,nwyldh@about.me,773-209-2775,N,Student,5758218,N/A,N/A,N/A
119,Ulrika Birdfield,zsarveri@yellowpages.com,663-951-9726,N,Student,5758219,N/A,N/A,N/A
120,Michele Tregenza,lalejandrij@google.cn,214-227-9884,N,Student,5758220,N/A,N/A,N/A
121,Nat Patey,fcrankshawk@4shared.com,570-419-2530,N,Student,5758221,N/A,N/A,N/A
122,Fulvia Heinel,wknightsbridgel@qq.com,408-885-5851,N,Student,5758222,N/A,N/A,N/A
123,Levon Stede,gthomsonm@wordpress.org,984-596-1295,N,Student,5758223,N/A,N/A,N/A
124,Wileen Hussy,dflettn@istockphoto.com,103-882-0606,N,Student,5758224,N/A,N/A,N/A
125,Rosetta Fisbey,fjozwiko@weather.com,410-793-0576,N,Student,5758225,N/A,N/A,N/A
126,Cinnamon Andren,hbuffp@networksolutions.com,453-669-8808,N,Student,5758226,N/A,N/A,N/A
127,Dyan Griffitt,ejeppsq@utexas.edu,795-551-3734,N,Student,5758227,N/A,N/A,N/A
128,Fabien Pelchat,rdunmuirr@themeforest.net,833-625-6425,N,Student,5758228,N/A,N/A,N/A
129,Clark Bradnick,ethomassons@imdb.com,164-935-9307,N,Student,5758229,N/A,N/A,N/A
130,Elyse Grinter,drachuigt@xing.com,299-777-9163,N,Student,5758230,N/A,N/A,N/A
131,Frederique Youthed,bbrianu@dyndns.org,382-901-6020,N,Student,5758231,N/A,N/A,N/A
132,Shawnee Scamerden,jjozefczakv@home.pl,269-410-6767,N,Student,5758232,N/A,N/A,N/A
133,Dennison Levis,jhillettw@yandex.ru,162-882-7225,N,Student,5758233,N/A,N/A,N/A
134,Giovanni Slott,hkermitx@booking.com,685-923-6542,N,Student,5758234,N/A,N/A,N/A
135,Berky Poytheras,rmanklowy@theatlantic.com,558-886-6832,N,Student,5758235,N/A,N/A,N/A
136,Karol Reese,stubblesz@webeden.co.uk,935-329-0102,N,Student,5758236,N/A,N/A,N/A
137,Reina Henrys,rcurlis10@disqus.com,867-278-0039,N,Student,5758237,N/A,N/A,N/A
138,Orran Otter,pgavaran11@imgur.com,803-956-9703,N,Student,5758238,N/A,N/A,N/A
139,Tatiania Southan,rkidsley12@who.int,899-953-5464,N,Student,5758239,N/A,N/A,N/A
140,Deane Kliement,etrowbridge13@163.com,161-244-8793,N,Student,5758240,N/A,N/A,N/A
141,Vickie Breedy,cbarber14@squarespace.com,712-863-3471,N,Student,5758241,N/A,N/A,N/A
142,Pamela Simonelli,opiatto15@dagondesign.com,946-453-0793,N,Student,5758242,N/A,N/A,N/A
143,Clovis MacDonald,cosbiston16@oakley.com,791-738-9974,N,Student,5758243,N/A,N/A,N/A
144,Alf Crafts,aburnup17@epa.gov,728-635-5363,N,Student,5758244,N/A,N/A,N/A
145,Talia McKelvey,kpreddy18@imdb.com,519-674-1095,N,Student,5758245,N/A,N/A,N/A
146,Regine Sinnat,glumley19@istockphoto.com,453-258-1144,N,Student,5758246,N/A,N/A,N/A
147,Vassily Godbolt,asailer1a@bravesites.com,893-782-6984,N,Student,5758247,N/A,N/A,N/A
148,Babs McMickan,pbento1b@hatena.ne.jp,541-698-7539,N,Student,5758248,N/A,N/A,N/A
149,Lindsy Madoc-Jones,agilbertson1c@webmd.com,460-990-5865,N,Student,5758249,N/A,N/A,N/A
150,George Bellringer,erotlauf1d@ihg.com,735-444-4566,N,Student,5758250,N/A,N/A,N/A
151,Evangeline Trolley,ochastagnier1e@jalbum.net,465-139-4469,N,Student,5758251,N/A,N/A,N/A
152,Herta Hucquart,mmeir1f@washingtonpost.com,399-218-4552,N,Student,5758252,N/A,N/A,N/A
153,Odey Hamper,pruppelin1g@dot.gov,848-662-3797,N,Faculty,N/A,78952,N/A,N/A
154,Hattie Toye,rciccarello1h@unblog.fr,261-674-7601,N,Faculty,N/A,78953,N/A,N/A
155,Yvonne Poznanski,cmcneil1i@dedecms.com,364-655-9591,N,Faculty,N/A,78954,N/A,N/A
156,Orlando Hutcheon,dclulee1j@ihg.com,642-586-8782,N,Faculty,N/A,78955,N/A,N/A
157,Cammy Harcourt,adolling1k@census.gov,339-341-1955,N,Faculty,N/A,78956,N/A,N/A
158,Lauraine Bielfeld,jpaumier1l@vinaora.com,962-822-3446,N,Faculty,N/A,78957,N/A,N/A
159,Carolann Stobbart,wscrymgeour1m@shutterfly.com,196-878-2163,N,Faculty,N/A,78958,N/A,N/A
160,Antony Tatterton,opolycote1n@utexas.edu,141-478-2641,N,Faculty,N/A,78959,N/A,N/A
161,Taylor Pink,mcovely1o@constantcontact.com,779-544-3764,N,Faculty,N/A,78960,N/A,N/A
162,Tess Mouser,drasher1p@chron.com,712-517-5762,N,Faculty,N/A,78961,N/A,N/A
163,Hoyt Challen,rtookill1q@shinystat.com,583-873-2235,N,Faculty,N/A,78962,N/A,N/A
164,Kalie Rogez,jtwitty1r@economist.com,842-228-0954,N,Faculty,N/A,78963,N/A,N/A
165,Niall Kegley,hmarcam1s@netscape.com,882-184-9573,N,Faculty,N/A,78964,N/A,N/A
166,Nanette Mounfield,sjarret1t@vistaprint.com,996-702-5178,N,Faculty,N/A,78965,N/A,N/A
167,Lewes Woloschinski,catwater1u@gnu.org,360-431-3275,N,Faculty,N/A,78966,N/A,N/A
168,Eddy Blore,rboow1v@mozilla.org,847-354-4025,N,Faculty,N/A,78967,N/A,N/A
169,Jammie Pleace,bswitland1w@phoca.cz,269-425-3901,N,Faculty,N/A,78968,N/A,N/A
170,Adolpho Sarll,nrouff1x@desdev.cn,540-427-3155,N,Faculty,N/A,78969,N/A,N/A
171,Abdel Monget,babeau1y@state.gov,303-937-9697,N,Faculty,N/A,78970,N/A,N/A
172,Corly Dukesbury,aclowton1z@netlog.com,965-979-1026,N,Staff,N/A,N/A,6589,N/A
173,Nedda Matuszynski,rwhitley20@de.vu,534-439-7235,N,Staff,N/A,N/A,6590,N/A
174,Dwain Arntzen,rpruckner21@walmart.com,432-782-9677,N,Staff,N/A,N/A,6591,N/A
175,Kerrie de Broke,kwenger22@blog.com,293-149-7904,N,Staff,N/A,N/A,6592,N/A
176,Riki McPhillimey,wrodnight23@theguardian.com,861-358-3368,N,Staff,N/A,N/A,6593,N/A
177,Chiquita Lawrie,cclemitt24@stanford.edu,379-330-1763,N,Staff,N/A,N/A,6594,N/A
178,Bert Faloon,oettels25@opera.com,773-147-9678,N,Staff,N/A,N/A,6595,N/A
179,Wilden M'cowis,vjakoubek26@com.com,946-820-1207,N,Staff,N/A,N/A,6596,N/A
180,Neall Jindracek,sdanihel27@wix.com,262-492-3391,N,Staff,N/A,N/A,6597,N/A
181,Belvia Addey,lseymour28@wix.com,891-743-7504,N,Staff,N/A,N/A,6598,N/A
182,Regen Coggeshall,bzack29@phoca.cz,737-652-9338,N,Staff,N/A,N/A,6599,N/A
183,Kalle Sermin,emilam2a@yolasite.com,467-469-2986,N,Staff,N/A,N/A,6600,N/A
184,Cathrin Pendre,cmar2b@twitter.com,980-593-6298,N,Staff,N/A,N/A,6601,N/A
185,Alisander Martinet,ebrazenor2c@weibo.com,210-856-0971,N,Staff,N/A,N/A,6602,N/A
186,Oren Fransman,zrobardet2d@europa.eu,125-979-7372,N,Staff,N/A,N/A,6603,N/A
187,Athena Ewert,mdeener2e@dmoz.org,913-836-7707,N,Staff,N/A,N/A,6604,N/A
188,Mycah Warstall,lsheerman2f@mysql.com,407-528-8342,N,Staff,N/A,N/A,6605,N/A
189,Aryn Pettyfer,mtabourel2g@businesswire.com,510-551-5939,N,Staff,N/A,N/A,6606,N/A
190,Rafi Colleton,bnancekivell2h@usa.gov,306-734-2081,N,Staff,N/A,N/A,6607,N/A
191,Bellina Le Barr,dbogie2i@vkontakte.ru,172-430-1598,N,Staff,N/A,N/A,6608,N/A
192,Dougy Knappett,dcapun2j@virginia.edu,483-837-9740,N,Staff,N/A,N/A,6609,N/A
193,Alie Labba,vellard2k@examiner.com,173-458-6797,N,Staff,N/A,N/A,6610,N/A
194,Marylou Rigler,operrie2l@redcross.org,246-676-9343,N,Staff,N/A,N/A,6611,N/A
195,Doria Redmayne,wgiorgielli2m@uiuc.edu,235-489-4978,N,Staff,N/A,N/A,6612,N/A
196,Elvira Skokoe,cmccallister2n@soup.io,375-865-2686,N,Staff,N/A,N/A,6613,N/A
197,Raynard Chess,btwohig2o@telegraph.co.uk,338-938-2832,N,Staff,N/A,N/A,6614,N/A
198,Keefe Flett,scurnok2p@studiopress.com,366-392-3982,N,Staff,N/A,N/A,6615,N/A
199,Quinta Doorey,trikard2q@ihg.com,323-820-2729,N,Staff,N/A,N/A,6616,N/A
200,Hyacintha Churm,pbramont2r@uiuc.edu,159-662-5789,N,Staff,N/A,N/A,6617,N/A
201,Calhoun,lbramhall0@harvard.edu,372-880-3793,Y,Driver,N/A,N/A,N/A,87954
202,Bobbie,adeboy1@fotki.com,278-545-7806,Y,Driver,N/A,N/A,N/A,87955
203,Ardisj,ddockree2@unicef.org,785-881-7905,Y,Driver,N/A,N/A,N/A,87956
204,Gertrude,dburwin3@cdc.gov,645-601-6416,Y,Driver,N/A,N/A,N/A,87957
205,Ferrell,rdennington4@multiply.com,755-654-8077,Y,Driver,N/A,N/A,N/A,87958
206,Alica,njeannin5@cpanel.net,227-536-3623,Y,Driver,N/A,N/A,N/A,87959
207,Talia,cdoman6@mozilla.org,736-913-9444,Y,Driver,N/A,N/A,N/A,87960
208,Ely,gmckag7@canalblog.com,774-788-2785,Y,Driver,N/A,N/A,N/A,87961
209,Ramon,fmariyushkin8@cyberchimps.com,453-730-7807,Y,Driver,N/A,N/A,N/A,87962
210,Natividad,adring9@pinterest.com,715-832-1536,Y,Driver,N/A,N/A,N/A,87963
211,Josee,jcowdreya@irs.gov,737-636-3156,Y,Driver,N/A,N/A,N/A,87964
212,Ana,ddewsb@cdbaby.com,956-603-9943,Y,Driver,N/A,N/A,N/A,87965
213,Shannah,lblackledgec@google.pl,803-555-3922,Y,Driver,N/A,N/A,N/A,87966
214,Merry,obausord@i2i.jp,899-401-8700,Y,Driver,N/A,N/A,N/A,87967
215,Nada,jpeattiee@netscape.com,687-496-3106,Y,Driver,N/A,N/A,N/A,87968
216,Perrine,channumf@geocities.com,279-499-1794,Y,Driver,N/A,N/A,N/A,87969
217,Norine,gfearesg@howstuffworks.com,395-177-0855,Y,Driver,N/A,N/A,N/A,87970
218,Lindsey,trobbenh@house.gov,889-318-0017,Y,Driver,N/A,N/A,N/A,87971
219,Claudian,htodarinii@washingtonpost.com,807-848-8101,Y,Driver,N/A,N/A,N/A,87972
220,Annecorinne,nbaxj@free.fr,718-127-6393,Y,Driver,N/A,N/A,N/A,87973
,,,,,,,,,
,,,,,,,,,
,,,,,,,,,
,,,,,,,,,
,,,,,,,,,
,,,,,,,,,
,,,,,,,,,
,,,,,,,,,
,,,,,,,,,
